gm,gemeente,v01_pop,v57_density,v43_nl,v122_disposable,v132_income,v142_wealth,v153_uitkering,c_65plus
GM0439,Purmerend,91793,1835.5,73.49439281862452,49.06310067216454,33.492126850631315,131.8965313259181,8.856884511890884,20.477972176527622
GM1980,Dijk en Waard,86722,1357,80.89605059846407,51.80891469292683,34.551487511819374,144.1782731025576,7.229999308134038,19.178221212610413
GM1982,Land van Cuijk,90194,310.2,86.33835399250505,51.961660420870565,34.87955628977537,157.63961793467413,6.718850477858838,22.629511940927337
GM1991,Maashorst,58108,428,85.21312039650306,51.62432023129345,34.69884009086529,159.68832518758174,6.814896399807256,21.94498003717216
